{
  "title": "黑名单",
  "content": "§0以下名单已全平台通缉（云黑/群/游戏内）：\n\n2.aevtest\nQQ：206129539\n违规原因：先是偷某op东西，被op抓住不承认，后来又拆对方房子，依旧抓住不承认，态度极其恶劣\n危险等级：1\n \n1.MutantZxcvbnm\nQQ：1040179812\n违规原因：在服务器内嚣张使用toolbox破坏服务器地形与建筑，且被发现后给了他一次机会，但仍不知悔改\n危险等级：2",
  "buttons": [
    {
      "text": "返回",
      "action": "about"
    }
  ]
}